"Første vacc. dato","regionskode_current","Regionsnavn","Antal første vacc.","regionskode_num"
2020-12-17,1084,Hovedstaden,1,1084
2020-12-19,1084,Hovedstaden,1,1084
2020-12-21,1084,Hovedstaden,1,1084
2020-12-22,1083,Syddanmark,1,1083
2020-12-23,1082,Midtjylland,1,1082
2020-12-23,1084,Hovedstaden,2,1084
2020-12-24,1084,Hovedstaden,1,1084
2020-12-26,1085,Sjælland,1,1085
2020-12-27,1081,Nordjylland,1020,1081
2020-12-27,1082,Midtjylland,1867,1082
2020-12-27,1083,Syddanmark,466,1083
2020-12-27,1084,Hovedstaden,1610,1084
2020-12-27,1085,Sjælland,1317,1085
2020-12-28,1081,Nordjylland,103,1081
2020-12-28,1082,Midtjylland,196,1082
2020-12-28,1083,Syddanmark,653,1083
2020-12-28,1084,Hovedstaden,497,1084
2020-12-28,1085,Sjælland,552,1085
2020-12-29,1081,Nordjylland,315,1081
2020-12-29,1082,Midtjylland,1069,1082
2020-12-29,1083,Syddanmark,1867,1083
2020-12-29,1084,Hovedstaden,3523,1084
2020-12-29,1085,Sjælland,1941,1085
2020-12-30,1081,Nordjylland,2201,1081
2020-12-30,1082,Midtjylland,1226,1082
2020-12-30,1083,Syddanmark,2414,1083
2020-12-30,1084,Hovedstaden,3453,1084
2020-12-30,1085,Sjælland,1851,1085
2020-12-31,1081,Nordjylland,658,1081
2020-12-31,1082,Midtjylland,1104,1082
2020-12-31,1083,Syddanmark,1295,1083
2020-12-31,1084,Hovedstaden,1619,1084
2020-12-31,1085,Sjælland,1290,1085
2021-01-01,1081,Nordjylland,7,1081
2021-01-01,1082,Midtjylland,126,1082
2021-01-01,1083,Syddanmark,656,1083
2021-01-01,1084,Hovedstaden,1194,1084
2021-01-01,1085,Sjælland,290,1085
2021-01-02,1081,Nordjylland,1654,1081
2021-01-02,1082,Midtjylland,2323,1082
2021-01-02,1083,Syddanmark,1920,1083
2021-01-02,1084,Hovedstaden,2274,1084
2021-01-02,1085,Sjælland,393,1085
2021-01-03,1081,Nordjylland,16,1081
2021-01-03,1082,Midtjylland,2889,1082
2021-01-03,1083,Syddanmark,775,1083
2021-01-03,1084,Hovedstaden,1996,1084
2021-01-03,1085,Sjælland,93,1085
2021-01-04,1081,Nordjylland,1017,1081
2021-01-04,1082,Midtjylland,58,1082
2021-01-04,1083,Syddanmark,947,1083
2021-01-04,1084,Hovedstaden,356,1084
2021-01-04,1085,Sjælland,21,1085
2021-01-05,1081,Nordjylland,2125,1081
2021-01-05,1082,Midtjylland,2793,1082
2021-01-05,1083,Syddanmark,1142,1083
2021-01-05,1084,Hovedstaden,6516,1084
2021-01-05,1085,Sjælland,547,1085
2021-01-06,1081,Nordjylland,2704,1081
2021-01-06,1082,Midtjylland,4189,1082
2021-01-06,1083,Syddanmark,3598,1083
2021-01-06,1084,Hovedstaden,6697,1084
2021-01-06,1085,Sjælland,1948,1085
2021-01-07,1081,Nordjylland,1099,1081
2021-01-07,1082,Midtjylland,4254,1082
2021-01-07,1083,Syddanmark,4297,1083
2021-01-07,1084,Hovedstaden,5533,1084
2021-01-07,1085,Sjælland,1787,1085
2021-01-08,1081,Nordjylland,223,1081
2021-01-08,1082,Midtjylland,2671,1082
2021-01-08,1083,Syddanmark,3233,1083
2021-01-08,1084,Hovedstaden,751,1084
2021-01-08,1085,Sjælland,1334,1085
2021-01-09,1081,Nordjylland,31,1081
2021-01-09,1082,Midtjylland,722,1082
2021-01-09,1083,Syddanmark,30,1083
2021-01-09,1084,Hovedstaden,113,1084
2021-01-09,1085,Sjælland,980,1085
2021-01-10,1081,Nordjylland,1,1081
2021-01-10,1082,Midtjylland,1,1082
2021-01-10,1083,Syddanmark,18,1083
2021-01-10,1084,Hovedstaden,133,1084
2021-01-10,1085,Sjælland,664,1085
2021-01-11,1081,Nordjylland,3,1081
2021-01-11,1082,Midtjylland,19,1082
2021-01-11,1083,Syddanmark,18,1083
2021-01-11,1084,Hovedstaden,94,1084
2021-01-11,1085,Sjælland,525,1085
2021-01-12,1081,Nordjylland,4,1081
2021-01-12,1082,Midtjylland,13,1082
2021-01-12,1083,Syddanmark,12,1083
2021-01-12,1084,Hovedstaden,69,1084
2021-01-12,1085,Sjælland,361,1085
2021-01-13,1081,Nordjylland,487,1081
2021-01-13,1082,Midtjylland,1952,1082
2021-01-13,1083,Syddanmark,2286,1083
2021-01-13,1084,Hovedstaden,6907,1084
2021-01-13,1085,Sjælland,922,1085
2021-01-14,1081,Nordjylland,685,1081
2021-01-14,1082,Midtjylland,2807,1082
2021-01-14,1083,Syddanmark,3666,1083
2021-01-14,1084,Hovedstaden,8543,1084
2021-01-14,1085,Sjælland,1911,1085
2021-01-15,1081,Nordjylland,1313,1081
2021-01-15,1082,Midtjylland,3171,1082
2021-01-15,1083,Syddanmark,4049,1083
2021-01-15,1084,Hovedstaden,5430,1084
2021-01-15,1085,Sjælland,966,1085
2021-01-16,1081,Nordjylland,1263,1081
2021-01-16,1082,Midtjylland,903,1082
2021-01-16,1083,Syddanmark,1444,1083
2021-01-16,1084,Hovedstaden,852,1084
2021-01-16,1085,Sjælland,56,1085
2021-01-17,1081,Nordjylland,1098,1081
2021-01-17,1082,Midtjylland,24,1082
2021-01-17,1083,Syddanmark,1239,1083
2021-01-17,1084,Hovedstaden,50,1084
2021-01-17,1085,Sjælland,34,1085
2021-01-18,1081,Nordjylland,658,1081
2021-01-18,1082,Midtjylland,1602,1082
2021-01-18,1083,Syddanmark,1399,1083
2021-01-18,1084,Hovedstaden,23,1084
2021-01-18,1085,Sjælland,97,1085
2021-01-19,1081,Nordjylland,25,1081
2021-01-19,1082,Midtjylland,1800,1082
2021-01-19,1083,Syddanmark,403,1083
2021-01-19,1084,Hovedstaden,42,1084
2021-01-19,1085,Sjælland,160,1085
2021-01-20,1081,Nordjylland,18,1081
2021-01-20,1082,Midtjylland,991,1082
2021-01-20,1083,Syddanmark,203,1083
2021-01-20,1084,Hovedstaden,22,1084
2021-01-20,1085,Sjælland,246,1085
2021-01-21,1081,Nordjylland,15,1081
2021-01-21,1082,Midtjylland,1145,1082
2021-01-21,1083,Syddanmark,137,1083
2021-01-21,1084,Hovedstaden,24,1084
2021-01-21,1085,Sjælland,171,1085
2021-01-22,1081,Nordjylland,162,1081
2021-01-22,1082,Midtjylland,169,1082
2021-01-22,1083,Syddanmark,146,1083
2021-01-22,1084,Hovedstaden,45,1084
2021-01-22,1085,Sjælland,132,1085
2021-01-23,1081,Nordjylland,59,1081
2021-01-23,1082,Midtjylland,94,1082
2021-01-23,1083,Syddanmark,1,1083
2021-01-23,1084,Hovedstaden,545,1084
2021-01-23,1085,Sjælland,26,1085
2021-01-24,1081,Nordjylland,20,1081
2021-01-24,1082,Midtjylland,76,1082
2021-01-24,1083,Syddanmark,2,1083
2021-01-24,1084,Hovedstaden,474,1084
2021-01-24,1085,Sjælland,20,1085
2021-01-25,1081,Nordjylland,23,1081
2021-01-25,1082,Midtjylland,9,1082
2021-01-25,1083,Syddanmark,140,1083
2021-01-25,1084,Hovedstaden,47,1084
2021-01-25,1085,Sjælland,55,1085
2021-01-26,1081,Nordjylland,2,1081
2021-01-26,1082,Midtjylland,8,1082
2021-01-26,1083,Syddanmark,96,1083
2021-01-26,1084,Hovedstaden,13,1084
2021-01-26,1085,Sjælland,90,1085
2021-01-27,1081,Nordjylland,1,1081
2021-01-27,1082,Midtjylland,29,1082
2021-01-27,1083,Syddanmark,83,1083
2021-01-27,1084,Hovedstaden,12,1084
2021-01-27,1085,Sjælland,75,1085
2021-01-28,1081,Nordjylland,22,1081
2021-01-28,1082,Midtjylland,11,1082
2021-01-28,1083,Syddanmark,34,1083
2021-01-28,1084,Hovedstaden,14,1084
2021-01-28,1085,Sjælland,135,1085
2021-01-29,1081,Nordjylland,63,1081
2021-01-29,1082,Midtjylland,278,1082
2021-01-29,1083,Syddanmark,69,1083
2021-01-29,1084,Hovedstaden,427,1084
2021-01-29,1085,Sjælland,249,1085
2021-01-30,1081,Nordjylland,66,1081
2021-01-30,1082,Midtjylland,178,1082
2021-01-30,1083,Syddanmark,122,1083
2021-01-30,1084,Hovedstaden,404,1084
2021-01-30,1085,Sjælland,411,1085
2021-01-31,1081,Nordjylland,96,1081
2021-01-31,1082,Midtjylland,416,1082
2021-01-31,1083,Syddanmark,139,1083
2021-01-31,1084,Hovedstaden,318,1084
2021-01-31,1085,Sjælland,218,1085
2021-02-01,1081,Nordjylland,94,1081
2021-02-01,1082,Midtjylland,89,1082
2021-02-01,1083,Syddanmark,200,1083
2021-02-01,1084,Hovedstaden,56,1084
2021-02-01,1085,Sjælland,307,1085
2021-02-02,1081,Nordjylland,17,1081
2021-02-02,1082,Midtjylland,76,1082
2021-02-02,1083,Syddanmark,525,1083
2021-02-02,1084,Hovedstaden,48,1084
2021-02-02,1085,Sjælland,1321,1085
2021-02-03,1081,Nordjylland,4,1081
2021-02-03,1082,Midtjylland,22,1082
2021-02-03,1083,Syddanmark,427,1083
2021-02-03,1084,Hovedstaden,45,1084
2021-02-03,1085,Sjælland,1008,1085
2021-02-04,1081,Nordjylland,860,1081
2021-02-04,1082,Midtjylland,44,1082
2021-02-04,1083,Syddanmark,348,1083
2021-02-04,1084,Hovedstaden,48,1084
2021-02-04,1085,Sjælland,101,1085
2021-02-05,1081,Nordjylland,780,1081
2021-02-05,1082,Midtjylland,288,1082
2021-02-05,1083,Syddanmark,220,1083
2021-02-05,1084,Hovedstaden,30,1084
2021-02-05,1085,Sjælland,241,1085
2021-02-06,1081,Nordjylland,365,1081
2021-02-06,1082,Midtjylland,17,1082
2021-02-06,1083,Syddanmark,70,1083
2021-02-06,1084,Hovedstaden,323,1084
2021-02-06,1085,Sjælland,226,1085
2021-02-07,1081,Nordjylland,714,1081
2021-02-07,1082,Midtjylland,16,1082
2021-02-07,1083,Syddanmark,98,1083
2021-02-07,1084,Hovedstaden,105,1084
2021-02-07,1085,Sjælland,939,1085
2021-02-08,1081,Nordjylland,573,1081
2021-02-08,1082,Midtjylland,226,1082
2021-02-08,1083,Syddanmark,574,1083
2021-02-08,1084,Hovedstaden,1005,1084
2021-02-08,1085,Sjælland,129,1085
2021-02-09,1081,Nordjylland,67,1081
2021-02-09,1082,Midtjylland,509,1082
2021-02-09,1083,Syddanmark,893,1083
2021-02-09,1084,Hovedstaden,1494,1084
2021-02-09,1085,Sjælland,552,1085
2021-02-10,1081,Nordjylland,54,1081
2021-02-10,1082,Midtjylland,775,1082
2021-02-10,1083,Syddanmark,1003,1083
2021-02-10,1084,Hovedstaden,506,1084
2021-02-10,1085,Sjælland,923,1085
2021-02-11,1081,Nordjylland,460,1081
2021-02-11,1082,Midtjylland,635,1082
2021-02-11,1083,Syddanmark,1230,1083
2021-02-11,1084,Hovedstaden,1561,1084
2021-02-11,1085,Sjælland,1789,1085
2021-02-12,1081,Nordjylland,1270,1081
2021-02-12,1082,Midtjylland,4631,1082
2021-02-12,1083,Syddanmark,1893,1083
2021-02-12,1084,Hovedstaden,1472,1084
2021-02-12,1085,Sjælland,2795,1085
2021-02-13,1081,Nordjylland,7,1081
2021-02-13,1082,Midtjylland,2652,1082
2021-02-13,1083,Syddanmark,1128,1083
2021-02-13,1084,Hovedstaden,54,1084
2021-02-13,1085,Sjælland,2684,1085
2021-02-14,1081,Nordjylland,258,1081
2021-02-14,1082,Midtjylland,1653,1082
2021-02-14,1083,Syddanmark,2184,1083
2021-02-14,1084,Hovedstaden,271,1084
2021-02-14,1085,Sjælland,1832,1085
2021-02-15,1081,Nordjylland,144,1081
2021-02-15,1082,Midtjylland,4358,1082
2021-02-15,1083,Syddanmark,2605,1083
2021-02-15,1084,Hovedstaden,4046,1084
2021-02-15,1085,Sjælland,2588,1085
2021-02-16,1081,Nordjylland,194,1081
2021-02-16,1082,Midtjylland,3690,1082
2021-02-16,1083,Syddanmark,1977,1083
2021-02-16,1084,Hovedstaden,4542,1084
2021-02-16,1085,Sjælland,2767,1085
2021-02-17,1081,Nordjylland,1271,1081
2021-02-17,1082,Midtjylland,2404,1082
2021-02-17,1083,Syddanmark,2299,1083
2021-02-17,1084,Hovedstaden,1140,1084
2021-02-17,1085,Sjælland,3297,1085
2021-02-18,1081,Nordjylland,1869,1081
2021-02-18,1082,Midtjylland,2175,1082
2021-02-18,1083,Syddanmark,2026,1083
2021-02-18,1084,Hovedstaden,3655,1084
2021-02-18,1085,Sjælland,1716,1085
2021-02-19,1081,Nordjylland,2126,1081
2021-02-19,1082,Midtjylland,3310,1082
2021-02-19,1083,Syddanmark,3276,1083
2021-02-19,1084,Hovedstaden,3562,1084
2021-02-19,1085,Sjælland,1557,1085
2021-02-20,1081,Nordjylland,2558,1081
2021-02-20,1082,Midtjylland,1094,1082
2021-02-20,1083,Syddanmark,2483,1083
2021-02-20,1084,Hovedstaden,2897,1084
2021-02-20,1085,Sjælland,1399,1085
2021-02-21,1081,Nordjylland,1751,1081
2021-02-21,1082,Midtjylland,1040,1082
2021-02-21,1083,Syddanmark,2907,1083
2021-02-21,1084,Hovedstaden,3200,1084
2021-02-21,1085,Sjælland,1834,1085
2021-02-22,1081,Nordjylland,788,1081
2021-02-22,1082,Midtjylland,3514,1082
2021-02-22,1083,Syddanmark,3731,1083
2021-02-22,1084,Hovedstaden,3651,1084
2021-02-22,1085,Sjælland,1778,1085
2021-02-23,1081,Nordjylland,397,1081
2021-02-23,1082,Midtjylland,5217,1082
2021-02-23,1083,Syddanmark,3163,1083
2021-02-23,1084,Hovedstaden,3642,1084
2021-02-23,1085,Sjælland,1916,1085
2021-02-24,1081,Nordjylland,593,1081
2021-02-24,1082,Midtjylland,3668,1082
2021-02-24,1083,Syddanmark,3112,1083
2021-02-24,1084,Hovedstaden,4397,1084
2021-02-24,1085,Sjælland,1890,1085
2021-02-25,1081,Nordjylland,1962,1081
2021-02-25,1082,Midtjylland,2109,1082
2021-02-25,1083,Syddanmark,2772,1083
2021-02-25,1084,Hovedstaden,6198,1084
2021-02-25,1085,Sjælland,1466,1085
2021-02-26,1081,Nordjylland,5355,1081
2021-02-26,1082,Midtjylland,8590,1082
2021-02-26,1083,Syddanmark,8770,1083
2021-02-26,1084,Hovedstaden,8942,1084
2021-02-26,1085,Sjælland,4291,1085
2021-02-27,1081,Nordjylland,9,1081
2021-02-27,1082,Midtjylland,685,1082
2021-02-27,1083,Syddanmark,1985,1083
2021-02-27,1084,Hovedstaden,3101,1084
2021-02-27,1085,Sjælland,853,1085
2021-02-28,1081,Nordjylland,2228,1081
2021-02-28,1082,Midtjylland,982,1082
2021-02-28,1083,Syddanmark,2040,1083
2021-02-28,1084,Hovedstaden,4782,1084
2021-02-28,1085,Sjælland,898,1085
2021-03-01,1081,Nordjylland,2657,1081
2021-03-01,1082,Midtjylland,4471,1082
2021-03-01,1083,Syddanmark,3764,1083
2021-03-01,1084,Hovedstaden,6235,1084
2021-03-01,1085,Sjælland,2560,1085
2021-03-02,1081,Nordjylland,759,1081
2021-03-02,1082,Midtjylland,4828,1082
2021-03-02,1083,Syddanmark,3011,1083
2021-03-02,1084,Hovedstaden,6721,1084
2021-03-02,1085,Sjælland,1364,1085
2021-03-03,1081,Nordjylland,740,1081
2021-03-03,1082,Midtjylland,3018,1082
2021-03-03,1083,Syddanmark,2932,1083
2021-03-03,1084,Hovedstaden,4469,1084
2021-03-03,1085,Sjælland,1812,1085
2021-03-04,1081,Nordjylland,505,1081
2021-03-04,1082,Midtjylland,3694,1082
2021-03-04,1083,Syddanmark,3061,1083
2021-03-04,1084,Hovedstaden,8159,1084
2021-03-04,1085,Sjælland,2002,1085
2021-03-05,1081,Nordjylland,3911,1081
2021-03-05,1082,Midtjylland,2083,1082
2021-03-05,1083,Syddanmark,4050,1083
2021-03-05,1084,Hovedstaden,4737,1084
2021-03-05,1085,Sjælland,1795,1085
2021-03-06,1081,Nordjylland,2144,1081
2021-03-06,1082,Midtjylland,1201,1082
2021-03-06,1083,Syddanmark,3154,1083
2021-03-06,1084,Hovedstaden,6171,1084
2021-03-06,1085,Sjælland,1926,1085
2021-03-07,1081,Nordjylland,1381,1081
2021-03-07,1082,Midtjylland,213,1082
2021-03-07,1083,Syddanmark,2625,1083
2021-03-07,1084,Hovedstaden,6128,1084
2021-03-07,1085,Sjælland,1661,1085
2021-03-08,1081,Nordjylland,127,1081
2021-03-08,1082,Midtjylland,4025,1082
2021-03-08,1083,Syddanmark,2892,1083
2021-03-08,1084,Hovedstaden,1305,1084
2021-03-08,1085,Sjælland,1229,1085
2021-03-09,1081,Nordjylland,650,1081
2021-03-09,1082,Midtjylland,4202,1082
2021-03-09,1083,Syddanmark,2098,1083
2021-03-09,1084,Hovedstaden,2492,1084
2021-03-09,1085,Sjælland,1453,1085
2021-03-10,1081,Nordjylland,1174,1081
2021-03-10,1082,Midtjylland,2928,1082
2021-03-10,1083,Syddanmark,3058,1083
2021-03-10,1084,Hovedstaden,3029,1084
2021-03-10,1085,Sjælland,1862,1085
2021-03-11,1081,Nordjylland,953,1081
2021-03-11,1082,Midtjylland,1031,1082
2021-03-11,1083,Syddanmark,1182,1083
2021-03-11,1084,Hovedstaden,600,1084
2021-03-11,1085,Sjælland,794,1085
2021-03-12,1081,Nordjylland,264,1081
2021-03-12,1082,Midtjylland,769,1082
2021-03-12,1083,Syddanmark,1022,1083
2021-03-12,1084,Hovedstaden,1016,1084
2021-03-12,1085,Sjælland,274,1085
2021-03-13,1081,Nordjylland,145,1081
2021-03-13,1082,Midtjylland,348,1082
2021-03-13,1083,Syddanmark,1238,1083
2021-03-13,1084,Hovedstaden,2280,1084
2021-03-13,1085,Sjælland,506,1085
2021-03-14,1081,Nordjylland,12,1081
2021-03-14,1082,Midtjylland,27,1082
2021-03-14,1083,Syddanmark,902,1083
2021-03-14,1084,Hovedstaden,80,1084
2021-03-14,1085,Sjælland,210,1085
2021-03-15,1081,Nordjylland,164,1081
2021-03-15,1082,Midtjylland,996,1082
2021-03-15,1083,Syddanmark,1219,1083
2021-03-15,1084,Hovedstaden,333,1084
2021-03-15,1085,Sjælland,107,1085
2021-03-16,1081,Nordjylland,1293,1081
2021-03-16,1082,Midtjylland,1661,1082
2021-03-16,1083,Syddanmark,1163,1083
2021-03-16,1084,Hovedstaden,889,1084
2021-03-16,1085,Sjælland,1806,1085
2021-03-17,1081,Nordjylland,1424,1081
2021-03-17,1082,Midtjylland,3738,1082
2021-03-17,1083,Syddanmark,2056,1083
2021-03-17,1084,Hovedstaden,1937,1084
2021-03-17,1085,Sjælland,1597,1085
2021-03-18,1081,Nordjylland,1665,1081
2021-03-18,1082,Midtjylland,3488,1082
2021-03-18,1083,Syddanmark,1811,1083
2021-03-18,1084,Hovedstaden,5878,1084
2021-03-18,1085,Sjælland,1836,1085
2021-03-19,1081,Nordjylland,1133,1081
2021-03-19,1082,Midtjylland,1809,1082
2021-03-19,1083,Syddanmark,1569,1083
2021-03-19,1084,Hovedstaden,2980,1084
2021-03-19,1085,Sjælland,354,1085
2021-03-20,1081,Nordjylland,9,1081
2021-03-20,1082,Midtjylland,874,1082
2021-03-20,1083,Syddanmark,914,1083
2021-03-20,1084,Hovedstaden,153,1084
2021-03-20,1085,Sjælland,1014,1085
2021-03-21,1081,Nordjylland,1,1081
2021-03-21,1082,Midtjylland,618,1082
2021-03-21,1083,Syddanmark,747,1083
2021-03-21,1084,Hovedstaden,2275,1084
2021-03-21,1085,Sjælland,1332,1085
2021-03-22,1081,Nordjylland,139,1081
2021-03-22,1082,Midtjylland,2197,1082
2021-03-22,1083,Syddanmark,971,1083
2021-03-22,1084,Hovedstaden,99,1084
2021-03-22,1085,Sjælland,697,1085
2021-03-23,1081,Nordjylland,362,1081
2021-03-23,1082,Midtjylland,976,1082
2021-03-23,1083,Syddanmark,791,1083
2021-03-23,1084,Hovedstaden,2048,1084
2021-03-23,1085,Sjælland,1961,1085
2021-03-24,1081,Nordjylland,1442,1081
2021-03-24,1082,Midtjylland,2910,1082
2021-03-24,1083,Syddanmark,1398,1083
2021-03-24,1084,Hovedstaden,1515,1084
2021-03-24,1085,Sjælland,2617,1085
2021-03-25,1081,Nordjylland,1025,1081
2021-03-25,1082,Midtjylland,2481,1082
2021-03-25,1083,Syddanmark,1510,1083
2021-03-25,1084,Hovedstaden,1816,1084
2021-03-25,1085,Sjælland,920,1085
2021-03-26,1081,Nordjylland,1111,1081
2021-03-26,1082,Midtjylland,1572,1082
2021-03-26,1083,Syddanmark,1169,1083
2021-03-26,1084,Hovedstaden,906,1084
2021-03-26,1085,Sjælland,1419,1085
2021-03-27,1081,Nordjylland,2345,1081
2021-03-27,1082,Midtjylland,436,1082
2021-03-27,1083,Syddanmark,1119,1083
2021-03-27,1084,Hovedstaden,2884,1084
2021-03-27,1085,Sjælland,3211,1085
2021-03-28,1081,Nordjylland,2949,1081
2021-03-28,1082,Midtjylland,838,1082
2021-03-28,1083,Syddanmark,1067,1083
2021-03-28,1084,Hovedstaden,2983,1084
2021-03-28,1085,Sjælland,2962,1085
2021-03-29,1081,Nordjylland,110,1081
2021-03-29,1082,Midtjylland,4513,1082
2021-03-29,1083,Syddanmark,1564,1083
2021-03-29,1084,Hovedstaden,8127,1084
2021-03-29,1085,Sjælland,3697,1085
2021-03-30,1081,Nordjylland,71,1081
2021-03-30,1082,Midtjylland,5521,1082
2021-03-30,1083,Syddanmark,2339,1083
2021-03-30,1084,Hovedstaden,9033,1084
2021-03-30,1085,Sjælland,4727,1085
2021-03-31,1081,Nordjylland,65,1081
2021-03-31,1082,Midtjylland,7244,1082
2021-03-31,1083,Syddanmark,2162,1083
2021-03-31,1084,Hovedstaden,2607,1084
2021-03-31,1085,Sjælland,1038,1085
2021-04-01,1081,Nordjylland,9,1081
2021-04-01,1082,Midtjylland,1201,1082
2021-04-01,1083,Syddanmark,1534,1083
2021-04-01,1084,Hovedstaden,452,1084
2021-04-01,1085,Sjælland,1011,1085
2021-04-02,1081,Nordjylland,1570,1081
2021-04-02,1082,Midtjylland,1234,1082
2021-04-02,1083,Syddanmark,1724,1083
2021-04-02,1084,Hovedstaden,358,1084
2021-04-02,1085,Sjælland,15,1085
2021-04-03,1081,Nordjylland,805,1081
2021-04-03,1082,Midtjylland,367,1082
2021-04-03,1083,Syddanmark,1798,1083
2021-04-03,1084,Hovedstaden,5736,1084
2021-04-03,1085,Sjælland,3429,1085
2021-04-04,1081,Nordjylland,1338,1081
2021-04-04,1082,Midtjylland,831,1082
2021-04-04,1083,Syddanmark,1380,1083
2021-04-04,1084,Hovedstaden,5652,1084
2021-04-04,1085,Sjælland,2495,1085
2021-04-05,1081,Nordjylland,1775,1081
2021-04-05,1082,Midtjylland,939,1082
2021-04-05,1083,Syddanmark,2272,1083
2021-04-05,1084,Hovedstaden,5766,1084
2021-04-05,1085,Sjælland,1580,1085
2021-04-06,1081,Nordjylland,2173,1081
2021-04-06,1082,Midtjylland,5191,1082
2021-04-06,1083,Syddanmark,2493,1083
2021-04-06,1084,Hovedstaden,3438,1084
2021-04-06,1085,Sjælland,2731,1085
2021-04-07,1081,Nordjylland,1546,1081
2021-04-07,1082,Midtjylland,6707,1082
2021-04-07,1083,Syddanmark,4049,1083
2021-04-07,1084,Hovedstaden,3438,1084
2021-04-07,1085,Sjælland,909,1085
2021-04-08,1081,Nordjylland,1228,1081
2021-04-08,1082,Midtjylland,4892,1082
2021-04-08,1083,Syddanmark,2257,1083
2021-04-08,1084,Hovedstaden,3482,1084
2021-04-08,1085,Sjælland,1890,1085
2021-04-09,1081,Nordjylland,531,1081
2021-04-09,1082,Midtjylland,1578,1082
2021-04-09,1083,Syddanmark,4311,1083
2021-04-09,1084,Hovedstaden,6024,1084
2021-04-09,1085,Sjælland,4053,1085
2021-04-10,1081,Nordjylland,1568,1081
2021-04-10,1082,Midtjylland,133,1082
2021-04-10,1083,Syddanmark,3046,1083
2021-04-10,1084,Hovedstaden,8952,1084
2021-04-10,1085,Sjælland,3082,1085
2021-04-11,1081,Nordjylland,714,1081
2021-04-11,1082,Midtjylland,172,1082
2021-04-11,1083,Syddanmark,2549,1083
2021-04-11,1084,Hovedstaden,8898,1084
2021-04-11,1085,Sjælland,2566,1085
2021-04-12,1081,Nordjylland,9827,1081
2021-04-12,1082,Midtjylland,20952,1082
2021-04-12,1083,Syddanmark,20037,1083
2021-04-12,1084,Hovedstaden,26357,1084
2021-04-12,1085,Sjælland,16982,1085
2021-04-13,1081,Nordjylland,954,1081
2021-04-13,1082,Midtjylland,5735,1082
2021-04-13,1083,Syddanmark,2818,1083
2021-04-13,1084,Hovedstaden,6700,1084
2021-04-13,1085,Sjælland,2328,1085
2021-04-14,1081,Nordjylland,1403,1081
2021-04-14,1082,Midtjylland,4101,1082
2021-04-14,1083,Syddanmark,2209,1083
2021-04-14,1084,Hovedstaden,1565,1084
2021-04-14,1085,Sjælland,2160,1085
2021-04-15,1081,Nordjylland,565,1081
2021-04-15,1082,Midtjylland,4837,1082
2021-04-15,1083,Syddanmark,2474,1083
2021-04-15,1084,Hovedstaden,5573,1084
2021-04-15,1085,Sjælland,1868,1085
2021-04-16,1081,Nordjylland,3443,1081
2021-04-16,1082,Midtjylland,2754,1082
2021-04-16,1083,Syddanmark,5440,1083
2021-04-16,1084,Hovedstaden,4162,1084
2021-04-16,1085,Sjælland,1642,1085
2021-04-17,1081,Nordjylland,2847,1081
2021-04-17,1082,Midtjylland,1194,1082
2021-04-17,1083,Syddanmark,4654,1083
2021-04-17,1084,Hovedstaden,7781,1084
2021-04-17,1085,Sjælland,2346,1085
2021-04-18,1081,Nordjylland,1331,1081
2021-04-18,1082,Midtjylland,621,1082
2021-04-18,1083,Syddanmark,4096,1083
2021-04-18,1084,Hovedstaden,7388,1084
2021-04-18,1085,Sjælland,1068,1085
2021-04-19,1081,Nordjylland,2292,1081
2021-04-19,1082,Midtjylland,4887,1082
2021-04-19,1083,Syddanmark,5873,1083
2021-04-19,1084,Hovedstaden,8722,1084
2021-04-19,1085,Sjælland,3047,1085
2021-04-20,1081,Nordjylland,1240,1081
2021-04-20,1082,Midtjylland,7917,1082
2021-04-20,1083,Syddanmark,6050,1083
2021-04-20,1084,Hovedstaden,4590,1084
2021-04-20,1085,Sjælland,2237,1085
2021-04-21,1081,Nordjylland,2968,1081
2021-04-21,1082,Midtjylland,5488,1082
2021-04-21,1083,Syddanmark,5317,1083
2021-04-21,1084,Hovedstaden,5555,1084
2021-04-21,1085,Sjælland,3179,1085
2021-04-22,1081,Nordjylland,2625,1081
2021-04-22,1082,Midtjylland,6988,1082
2021-04-22,1083,Syddanmark,4795,1083
2021-04-22,1084,Hovedstaden,11247,1084
2021-04-22,1085,Sjælland,2575,1085
2021-04-23,1081,Nordjylland,4180,1081
2021-04-23,1082,Midtjylland,4598,1082
2021-04-23,1083,Syddanmark,5664,1083
2021-04-23,1084,Hovedstaden,3717,1084
2021-04-23,1085,Sjælland,4025,1085
2021-04-24,1081,Nordjylland,3138,1081
2021-04-24,1082,Midtjylland,255,1082
2021-04-24,1083,Syddanmark,3907,1083
2021-04-24,1084,Hovedstaden,6726,1084
2021-04-24,1085,Sjælland,894,1085
2021-04-25,1081,Nordjylland,1137,1081
2021-04-25,1082,Midtjylland,255,1082
2021-04-25,1083,Syddanmark,4258,1083
2021-04-25,1084,Hovedstaden,8242,1084
2021-04-25,1085,Sjælland,1322,1085
2021-04-26,1081,Nordjylland,1429,1081
2021-04-26,1082,Midtjylland,10169,1082
2021-04-26,1083,Syddanmark,6305,1083
2021-04-26,1084,Hovedstaden,10433,1084
2021-04-26,1085,Sjælland,3175,1085
2021-04-27,1081,Nordjylland,3696,1081
2021-04-27,1082,Midtjylland,9214,1082
2021-04-27,1083,Syddanmark,7073,1083
2021-04-27,1084,Hovedstaden,4349,1084
2021-04-27,1085,Sjælland,2266,1085
2021-04-28,1081,Nordjylland,1380,1081
2021-04-28,1082,Midtjylland,8210,1082
2021-04-28,1083,Syddanmark,5277,1083
2021-04-28,1084,Hovedstaden,4741,1084
2021-04-28,1085,Sjælland,4537,1085
2021-04-29,1081,Nordjylland,393,1081
2021-04-29,1082,Midtjylland,7964,1082
2021-04-29,1083,Syddanmark,4550,1083
2021-04-29,1084,Hovedstaden,10553,1084
2021-04-29,1085,Sjælland,2475,1085
2021-04-30,1081,Nordjylland,2218,1081
2021-04-30,1082,Midtjylland,2679,1082
2021-04-30,1083,Syddanmark,3543,1083
2021-04-30,1084,Hovedstaden,406,1084
2021-04-30,1085,Sjælland,4584,1085
2021-05-01,1081,Nordjylland,2080,1081
2021-05-01,1082,Midtjylland,274,1082
2021-05-01,1083,Syddanmark,3018,1083
2021-05-01,1084,Hovedstaden,97,1084
2021-05-01,1085,Sjælland,1828,1085
2021-05-02,1081,Nordjylland,2309,1081
2021-05-02,1082,Midtjylland,166,1082
2021-05-02,1083,Syddanmark,3646,1083
2021-05-02,1084,Hovedstaden,8379,1084
2021-05-02,1085,Sjælland,2166,1085
2021-05-03,1081,Nordjylland,318,1081
2021-05-03,1082,Midtjylland,4674,1082
2021-05-03,1083,Syddanmark,4927,1083
2021-05-03,1084,Hovedstaden,10090,1084
2021-05-03,1085,Sjælland,442,1085
2021-05-04,1081,Nordjylland,4792,1081
2021-05-04,1082,Midtjylland,5590,1082
2021-05-04,1083,Syddanmark,6298,1083
2021-05-04,1084,Hovedstaden,7522,1084
2021-05-04,1085,Sjælland,3439,1085
2021-05-05,1081,Nordjylland,2951,1081
2021-05-05,1082,Midtjylland,5113,1082
2021-05-05,1083,Syddanmark,6461,1083
2021-05-05,1084,Hovedstaden,8576,1084
2021-05-05,1085,Sjælland,3718,1085
2021-05-06,1081,Nordjylland,4888,1081
2021-05-06,1082,Midtjylland,7448,1082
2021-05-06,1083,Syddanmark,5451,1083
2021-05-06,1084,Hovedstaden,1022,1084
2021-05-06,1085,Sjælland,2718,1085
2021-05-07,1081,Nordjylland,1920,1081
2021-05-07,1082,Midtjylland,5076,1082
2021-05-07,1083,Syddanmark,5532,1083
2021-05-07,1084,Hovedstaden,1167,1084
2021-05-07,1085,Sjælland,2791,1085
2021-05-08,1081,Nordjylland,2337,1081
2021-05-08,1082,Midtjylland,1121,1082
2021-05-08,1083,Syddanmark,3772,1083
2021-05-08,1084,Hovedstaden,322,1084
2021-05-08,1085,Sjælland,1892,1085
2021-05-09,1081,Nordjylland,989,1081
2021-05-09,1082,Midtjylland,109,1082
2021-05-09,1083,Syddanmark,4613,1083
2021-05-09,1084,Hovedstaden,5631,1084
2021-05-09,1085,Sjælland,4569,1085
2021-05-10,1081,Nordjylland,1337,1081
2021-05-10,1082,Midtjylland,10302,1082
2021-05-10,1083,Syddanmark,2778,1083
2021-05-10,1084,Hovedstaden,5938,1084
2021-05-10,1085,Sjælland,6196,1085
2021-05-11,1081,Nordjylland,941,1081
2021-05-11,1082,Midtjylland,8750,1082
2021-05-11,1083,Syddanmark,5083,1083
2021-05-11,1084,Hovedstaden,10101,1084
2021-05-11,1085,Sjælland,4810,1085
2021-05-12,1081,Nordjylland,1674,1081
2021-05-12,1082,Midtjylland,7892,1082
2021-05-12,1083,Syddanmark,5622,1083
2021-05-12,1084,Hovedstaden,6722,1084
2021-05-12,1085,Sjælland,4244,1085
2021-05-13,1081,Nordjylland,2113,1081
2021-05-13,1082,Midtjylland,1538,1082
2021-05-13,1083,Syddanmark,5046,1083
2021-05-13,1084,Hovedstaden,4715,1084
2021-05-13,1085,Sjælland,6252,1085
2021-05-14,1081,Nordjylland,1246,1081
2021-05-14,1082,Midtjylland,4504,1082
2021-05-14,1083,Syddanmark,3692,1083
2021-05-14,1084,Hovedstaden,6256,1084
2021-05-14,1085,Sjælland,4818,1085
2021-05-15,1081,Nordjylland,15,1081
2021-05-15,1082,Midtjylland,64,1082
2021-05-15,1083,Syddanmark,3324,1083
2021-05-15,1084,Hovedstaden,6480,1084
2021-05-15,1085,Sjælland,5510,1085
2021-05-16,1081,Nordjylland,14,1081
2021-05-16,1082,Midtjylland,77,1082
2021-05-16,1083,Syddanmark,4445,1083
2021-05-16,1084,Hovedstaden,10073,1084
2021-05-16,1085,Sjælland,5356,1085
2021-05-17,1081,Nordjylland,1348,1081
2021-05-17,1082,Midtjylland,6816,1082
2021-05-17,1083,Syddanmark,5700,1083
2021-05-17,1084,Hovedstaden,10923,1084
2021-05-17,1085,Sjælland,6228,1085
2021-05-18,1081,Nordjylland,1926,1081
2021-05-18,1082,Midtjylland,6845,1082
2021-05-18,1083,Syddanmark,4016,1083
2021-05-18,1084,Hovedstaden,10748,1084
2021-05-18,1085,Sjælland,5989,1085
2021-05-19,1081,Nordjylland,567,1081
2021-05-19,1082,Midtjylland,7266,1082
2021-05-19,1083,Syddanmark,6854,1083
2021-05-19,1084,Hovedstaden,11298,1084
2021-05-19,1085,Sjælland,5732,1085
2021-05-20,1081,Nordjylland,1680,1081
2021-05-20,1082,Midtjylland,6862,1082
2021-05-20,1083,Syddanmark,6753,1083
2021-05-20,1084,Hovedstaden,12162,1084
2021-05-20,1085,Sjælland,4964,1085
2021-05-21,1081,Nordjylland,5024,1081
2021-05-21,1082,Midtjylland,8225,1082
2021-05-21,1083,Syddanmark,5979,1083
2021-05-21,1084,Hovedstaden,8542,1084
2021-05-21,1085,Sjælland,7487,1085
2021-05-22,1081,Nordjylland,2672,1081
2021-05-22,1082,Midtjylland,161,1082
2021-05-22,1083,Syddanmark,3357,1083
2021-05-22,1084,Hovedstaden,14012,1084
2021-05-22,1085,Sjælland,5700,1085
2021-05-23,1081,Nordjylland,2751,1081
2021-05-23,1082,Midtjylland,1163,1082
2021-05-23,1083,Syddanmark,4332,1083
2021-05-23,1084,Hovedstaden,8797,1084
2021-05-23,1085,Sjælland,5511,1085
2021-05-24,1081,Nordjylland,1504,1081
2021-05-24,1082,Midtjylland,2238,1082
2021-05-24,1083,Syddanmark,6044,1083
2021-05-24,1084,Hovedstaden,7229,1084
2021-05-24,1085,Sjælland,6372,1085
2021-05-25,1081,Nordjylland,2899,1081
2021-05-25,1082,Midtjylland,13423,1082
2021-05-25,1083,Syddanmark,5965,1083
2021-05-25,1084,Hovedstaden,13910,1084
2021-05-25,1085,Sjælland,7241,1085
2021-05-26,1081,Nordjylland,3710,1081
2021-05-26,1082,Midtjylland,14743,1082
2021-05-26,1083,Syddanmark,6800,1083
2021-05-26,1084,Hovedstaden,15789,1084
2021-05-26,1085,Sjælland,6364,1085
2021-05-27,1081,Nordjylland,1996,1081
2021-05-27,1082,Midtjylland,14813,1082
2021-05-27,1083,Syddanmark,9046,1083
2021-05-27,1084,Hovedstaden,17224,1084
2021-05-27,1085,Sjælland,6217,1085
2021-05-28,1081,Nordjylland,3526,1081
2021-05-28,1082,Midtjylland,11652,1082
2021-05-28,1083,Syddanmark,9249,1083
2021-05-28,1084,Hovedstaden,10397,1084
2021-05-28,1085,Sjælland,6190,1085
2021-05-29,1081,Nordjylland,5423,1081
2021-05-29,1082,Midtjylland,1039,1082
2021-05-29,1083,Syddanmark,7019,1083
2021-05-29,1084,Hovedstaden,10906,1084
2021-05-29,1085,Sjælland,5429,1085
2021-05-30,1081,Nordjylland,6595,1081
2021-05-30,1082,Midtjylland,533,1082
2021-05-30,1083,Syddanmark,6928,1083
2021-05-30,1084,Hovedstaden,7046,1084
2021-05-30,1085,Sjælland,4710,1085
2021-05-31,1081,Nordjylland,3310,1081
2021-05-31,1082,Midtjylland,9704,1082
2021-05-31,1083,Syddanmark,9548,1083
2021-05-31,1084,Hovedstaden,8216,1084
2021-05-31,1085,Sjælland,5334,1085
2021-06-01,1081,Nordjylland,3340,1081
2021-06-01,1082,Midtjylland,12550,1082
2021-06-01,1083,Syddanmark,8582,1083
2021-06-01,1084,Hovedstaden,10389,1084
2021-06-01,1085,Sjælland,4823,1085
2021-06-02,1081,Nordjylland,4398,1081
2021-06-02,1082,Midtjylland,14184,1082
2021-06-02,1083,Syddanmark,8698,1083
2021-06-02,1084,Hovedstaden,9515,1084
2021-06-02,1085,Sjælland,5780,1085
2021-06-03,1081,Nordjylland,3202,1081
2021-06-03,1082,Midtjylland,10982,1082
2021-06-03,1083,Syddanmark,8794,1083
2021-06-03,1084,Hovedstaden,6834,1084
2021-06-03,1085,Sjælland,6395,1085
2021-06-04,1081,Nordjylland,2051,1081
2021-06-04,1082,Midtjylland,8796,1082
2021-06-04,1083,Syddanmark,7781,1083
2021-06-04,1084,Hovedstaden,16041,1084
2021-06-04,1085,Sjælland,6735,1085
2021-06-05,1081,Nordjylland,3911,1081
2021-06-05,1082,Midtjylland,1288,1082
2021-06-05,1083,Syddanmark,7929,1083
2021-06-05,1084,Hovedstaden,15481,1084
2021-06-05,1085,Sjælland,6391,1085
2021-06-06,1081,Nordjylland,5385,1081
2021-06-06,1082,Midtjylland,1094,1082
2021-06-06,1083,Syddanmark,7913,1083
2021-06-06,1084,Hovedstaden,9499,1084
2021-06-06,1085,Sjælland,6078,1085
2021-06-07,1081,Nordjylland,5705,1081
2021-06-07,1082,Midtjylland,15492,1082
2021-06-07,1083,Syddanmark,11429,1083
2021-06-07,1084,Hovedstaden,11850,1084
2021-06-07,1085,Sjælland,9121,1085
2021-06-08,1081,Nordjylland,5042,1081
2021-06-08,1082,Midtjylland,14768,1082
2021-06-08,1083,Syddanmark,10785,1083
2021-06-08,1084,Hovedstaden,16348,1084
2021-06-08,1085,Sjælland,6523,1085
2021-06-09,1081,Nordjylland,4031,1081
2021-06-09,1082,Midtjylland,17639,1082
2021-06-09,1083,Syddanmark,10369,1083
2021-06-09,1084,Hovedstaden,13281,1084
2021-06-09,1085,Sjælland,7469,1085
2021-06-10,1081,Nordjylland,7079,1081
2021-06-10,1082,Midtjylland,13875,1082
2021-06-10,1083,Syddanmark,9828,1083
2021-06-10,1084,Hovedstaden,21256,1084
2021-06-10,1085,Sjælland,6792,1085
2021-06-11,1081,Nordjylland,3983,1081
2021-06-11,1082,Midtjylland,11811,1082
2021-06-11,1083,Syddanmark,8770,1083
2021-06-11,1084,Hovedstaden,18194,1084
2021-06-11,1085,Sjælland,5757,1085
2021-06-12,1081,Nordjylland,4060,1081
2021-06-12,1082,Midtjylland,1350,1082
2021-06-12,1083,Syddanmark,5779,1083
2021-06-12,1084,Hovedstaden,18449,1084
2021-06-12,1085,Sjælland,3969,1085
2021-06-13,1081,Nordjylland,5156,1081
2021-06-13,1082,Midtjylland,1027,1082
2021-06-13,1083,Syddanmark,6019,1083
2021-06-13,1084,Hovedstaden,18700,1084
2021-06-13,1085,Sjælland,2762,1085
2021-06-14,1081,Nordjylland,5886,1081
2021-06-14,1082,Midtjylland,10996,1082
2021-06-14,1083,Syddanmark,10734,1083
2021-06-14,1084,Hovedstaden,17771,1084
2021-06-14,1085,Sjælland,7110,1085
2021-06-15,1081,Nordjylland,5026,1081
2021-06-15,1082,Midtjylland,14116,1082
2021-06-15,1083,Syddanmark,9472,1083
2021-06-15,1084,Hovedstaden,21887,1084
2021-06-15,1085,Sjælland,9869,1085
