"Vaccinedato","Regionsnavn","Kumulerede antal færdigvacc.","Antal borgere","Vaccinations dækning (%)"
2021-01-04,Hovedstaden,0,1857354,0.00
2021-01-09,Hovedstaden,1,1857354,0.00
2021-01-13,Hovedstaden,2,1857354,0.00
2021-01-15,Hovedstaden,7,1857354,0.00
2021-01-16,Hovedstaden,7,1857354,0.00
2021-01-17,Hovedstaden,44,1857354,0.00
2021-01-18,Hovedstaden,180,1857354,0.01
2021-01-19,Hovedstaden,346,1857354,0.02
2021-01-20,Hovedstaden,472,1857354,0.03
2021-01-21,Hovedstaden,587,1857354,0.03
2021-01-22,Hovedstaden,663,1857354,0.04
2021-01-23,Hovedstaden,4770,1857354,0.26
2021-01-24,Hovedstaden,8760,1857354,0.47
2021-01-25,Hovedstaden,9006,1857354,0.48
2021-01-26,Hovedstaden,9143,1857354,0.49
2021-01-27,Hovedstaden,9774,1857354,0.53
2021-01-28,Hovedstaden,13541,1857354,0.73
2021-01-29,Hovedstaden,21065,1857354,1.13
2021-01-30,Hovedstaden,25648,1857354,1.38
2021-01-31,Hovedstaden,28256,1857354,1.52
2021-02-01,Hovedstaden,30146,1857354,1.62
2021-02-02,Hovedstaden,30258,1857354,1.63
2021-02-03,Hovedstaden,33238,1857354,1.79
2021-02-04,Hovedstaden,39722,1857354,2.14
2021-02-05,Hovedstaden,44596,1857354,2.40
2021-02-06,Hovedstaden,47617,1857354,2.56
2021-02-07,Hovedstaden,48186,1857354,2.59
2021-02-08,Hovedstaden,49322,1857354,2.66
2021-02-09,Hovedstaden,49354,1857354,2.66
2021-02-10,Hovedstaden,50289,1857354,2.71
2021-02-11,Hovedstaden,50530,1857354,2.72
2021-02-12,Hovedstaden,54696,1857354,2.94
2021-02-13,Hovedstaden,54703,1857354,2.95
2021-02-14,Hovedstaden,54714,1857354,2.95
2021-02-15,Hovedstaden,56089,1857354,3.02
2021-02-16,Hovedstaden,56500,1857354,3.04
2021-02-17,Hovedstaden,56532,1857354,3.04
2021-02-18,Hovedstaden,56605,1857354,3.05
2021-02-19,Hovedstaden,56654,1857354,3.05
2021-02-20,Hovedstaden,56755,1857354,3.06
2021-02-21,Hovedstaden,56860,1857354,3.06
2021-02-22,Hovedstaden,57005,1857354,3.07
2021-02-23,Hovedstaden,57158,1857354,3.08
2021-02-24,Hovedstaden,57224,1857354,3.08
2021-02-25,Hovedstaden,57256,1857354,3.08
2021-02-26,Hovedstaden,57317,1857354,3.09
2021-02-27,Hovedstaden,58431,1857354,3.15
2021-02-28,Hovedstaden,59575,1857354,3.21
2021-03-01,Hovedstaden,59796,1857354,3.22
2021-03-02,Hovedstaden,60050,1857354,3.23
2021-03-03,Hovedstaden,60090,1857354,3.24
2021-03-04,Hovedstaden,60287,1857354,3.25
2021-03-05,Hovedstaden,60549,1857354,3.26
2021-03-06,Hovedstaden,60643,1857354,3.27
2021-03-07,Hovedstaden,60962,1857354,3.28
2021-03-08,Hovedstaden,61199,1857354,3.29
2021-03-09,Hovedstaden,62664,1857354,3.37
2021-03-10,Hovedstaden,64362,1857354,3.47
2021-03-11,Hovedstaden,68770,1857354,3.70
2021-03-12,Hovedstaden,73626,1857354,3.96
2021-03-13,Hovedstaden,73712,1857354,3.97
2021-03-14,Hovedstaden,76952,1857354,4.14
2021-03-15,Hovedstaden,79719,1857354,4.29
2021-03-16,Hovedstaden,83263,1857354,4.48
2021-03-17,Hovedstaden,87703,1857354,4.72
2021-03-18,Hovedstaden,92123,1857354,4.96
2021-03-19,Hovedstaden,93294,1857354,5.02
2021-03-20,Hovedstaden,93377,1857354,5.03
2021-03-21,Hovedstaden,95465,1857354,5.14
2021-03-22,Hovedstaden,95549,1857354,5.14
2021-03-23,Hovedstaden,95653,1857354,5.15
2021-03-24,Hovedstaden,104268,1857354,5.61
2021-03-25,Hovedstaden,108813,1857354,5.86
2021-03-26,Hovedstaden,111509,1857354,6.00
2021-03-27,Hovedstaden,111551,1857354,6.01
2021-03-28,Hovedstaden,111584,1857354,6.01
2021-03-29,Hovedstaden,112146,1857354,6.04
2021-03-30,Hovedstaden,112426,1857354,6.05
2021-03-31,Hovedstaden,116232,1857354,6.26
2021-04-01,Hovedstaden,120959,1857354,6.51
2021-04-02,Hovedstaden,124694,1857354,6.71
2021-04-03,Hovedstaden,124781,1857354,6.72
2021-04-04,Hovedstaden,124820,1857354,6.72
2021-04-05,Hovedstaden,124855,1857354,6.72
2021-04-06,Hovedstaden,125040,1857354,6.73
2021-04-07,Hovedstaden,125623,1857354,6.76
2021-04-08,Hovedstaden,127302,1857354,6.85
2021-04-09,Hovedstaden,130723,1857354,7.04
2021-04-10,Hovedstaden,132020,1857354,7.11
2021-04-11,Hovedstaden,132155,1857354,7.12
2021-04-12,Hovedstaden,139046,1857354,7.49
2021-04-13,Hovedstaden,140122,1857354,7.54
2021-04-14,Hovedstaden,144679,1857354,7.79
2021-04-15,Hovedstaden,146239,1857354,7.87
2021-04-16,Hovedstaden,149279,1857354,8.04
2021-04-17,Hovedstaden,149481,1857354,8.05
2021-04-18,Hovedstaden,149661,1857354,8.06
2021-04-19,Hovedstaden,151719,1857354,8.17
2021-04-20,Hovedstaden,156742,1857354,8.44
2021-04-21,Hovedstaden,160511,1857354,8.64
2021-04-22,Hovedstaden,160646,1857354,8.65
2021-04-23,Hovedstaden,167618,1857354,9.02
2021-04-24,Hovedstaden,169610,1857354,9.13
2021-04-25,Hovedstaden,169926,1857354,9.15
2021-04-26,Hovedstaden,173089,1857354,9.32
2021-04-27,Hovedstaden,182809,1857354,9.84
2021-04-28,Hovedstaden,191014,1857354,10.3
2021-04-29,Hovedstaden,198242,1857354,10.7
2021-04-30,Hovedstaden,198454,1857354,10.7
2021-05-01,Hovedstaden,198921,1857354,10.7
2021-05-02,Hovedstaden,207525,1857354,11.2
2021-05-03,Hovedstaden,215502,1857354,11.6
2021-05-04,Hovedstaden,224158,1857354,12.1
2021-05-05,Hovedstaden,236175,1857354,12.7
2021-05-06,Hovedstaden,246196,1857354,13.3
2021-05-07,Hovedstaden,253742,1857354,13.7
2021-05-08,Hovedstaden,273454,1857354,14.7
2021-05-09,Hovedstaden,281616,1857354,15.2
2021-05-10,Hovedstaden,287168,1857354,15.5
2021-05-11,Hovedstaden,293337,1857354,15.8
2021-05-12,Hovedstaden,298926,1857354,16.1
2021-05-13,Hovedstaden,309552,1857354,16.7
2021-05-14,Hovedstaden,317331,1857354,17.1
2021-05-15,Hovedstaden,324203,1857354,17.5
2021-05-16,Hovedstaden,327656,1857354,17.6
2021-05-17,Hovedstaden,334799,1857354,18.0
2021-05-18,Hovedstaden,343733,1857354,18.5
2021-05-19,Hovedstaden,346478,1857354,18.7
2021-05-20,Hovedstaden,352366,1857354,19.0
2021-05-21,Hovedstaden,359271,1857354,19.3
2021-05-22,Hovedstaden,362272,1857354,19.5
2021-05-23,Hovedstaden,363517,1857354,19.6
2021-05-24,Hovedstaden,364500,1857354,19.6
2021-05-25,Hovedstaden,366771,1857354,19.7
2021-05-26,Hovedstaden,369574,1857354,19.9
2021-05-27,Hovedstaden,372600,1857354,20.1
2021-05-28,Hovedstaden,374232,1857354,20.1
2021-05-29,Hovedstaden,376010,1857354,20.2
2021-05-30,Hovedstaden,380187,1857354,20.5
2021-05-31,Hovedstaden,388911,1857354,20.9
2021-06-01,Hovedstaden,395784,1857354,21.3
2021-06-02,Hovedstaden,402635,1857354,21.7
2021-06-03,Hovedstaden,413921,1857354,22.3
2021-06-04,Hovedstaden,416652,1857354,22.4
2021-06-05,Hovedstaden,417844,1857354,22.5
2021-06-06,Hovedstaden,426621,1857354,23.0
2021-06-07,Hovedstaden,438497,1857354,23.6
2021-06-08,Hovedstaden,446782,1857354,24.1
2021-06-09,Hovedstaden,456044,1857354,24.6
2021-06-10,Hovedstaden,458478,1857354,24.7
2021-06-11,Hovedstaden,460916,1857354,24.8
2021-06-12,Hovedstaden,462389,1857354,24.9
2021-06-13,Hovedstaden,464307,1857354,25.0
2021-06-14,Hovedstaden,466348,1857354,25.1
2021-06-15,Hovedstaden,467880,1857354,25.2
2021-01-04,Midtjylland,0,1335003,0.00
2021-01-09,Midtjylland,0,1335003,0.00
2021-01-13,Midtjylland,0,1335003,0.00
2021-01-15,Midtjylland,0,1335003,0.00
2021-01-16,Midtjylland,7,1335003,0.00
2021-01-17,Midtjylland,8,1335003,0.00
2021-01-18,Midtjylland,174,1335003,0.01
2021-01-19,Midtjylland,183,1335003,0.01
2021-01-20,Midtjylland,281,1335003,0.02
2021-01-21,Midtjylland,858,1335003,0.06
2021-01-22,Midtjylland,2026,1335003,0.15
2021-01-23,Midtjylland,3055,1335003,0.23
2021-01-24,Midtjylland,4333,1335003,0.32
2021-01-25,Midtjylland,4497,1335003,0.34
2021-01-26,Midtjylland,4543,1335003,0.34
2021-01-27,Midtjylland,5662,1335003,0.42
2021-01-28,Midtjylland,7435,1335003,0.56
2021-01-29,Midtjylland,11215,1335003,0.84
2021-01-30,Midtjylland,13797,1335003,1.03
2021-01-31,Midtjylland,19862,1335003,1.49
2021-02-01,Midtjylland,21344,1335003,1.60
2021-02-02,Midtjylland,22346,1335003,1.67
2021-02-03,Midtjylland,23722,1335003,1.78
2021-02-04,Midtjylland,25485,1335003,1.91
2021-02-05,Midtjylland,27874,1335003,2.09
2021-02-06,Midtjylland,28357,1335003,2.12
2021-02-07,Midtjylland,28432,1335003,2.13
2021-02-08,Midtjylland,31080,1335003,2.33
2021-02-09,Midtjylland,33689,1335003,2.52
2021-02-10,Midtjylland,35567,1335003,2.66
2021-02-11,Midtjylland,37154,1335003,2.78
2021-02-12,Midtjylland,38159,1335003,2.86
2021-02-13,Midtjylland,38195,1335003,2.86
2021-02-14,Midtjylland,38222,1335003,2.86
2021-02-15,Midtjylland,38689,1335003,2.90
2021-02-16,Midtjylland,38920,1335003,2.92
2021-02-17,Midtjylland,39037,1335003,2.92
2021-02-18,Midtjylland,39104,1335003,2.93
2021-02-19,Midtjylland,39213,1335003,2.94
2021-02-20,Midtjylland,39216,1335003,2.94
2021-02-21,Midtjylland,39259,1335003,2.94
2021-02-22,Midtjylland,39623,1335003,2.97
2021-02-23,Midtjylland,39898,1335003,2.99
2021-02-24,Midtjylland,40119,1335003,3.01
2021-02-25,Midtjylland,40275,1335003,3.02
2021-02-26,Midtjylland,40665,1335003,3.05
2021-02-27,Midtjylland,40668,1335003,3.05
2021-02-28,Midtjylland,40670,1335003,3.05
2021-03-01,Midtjylland,40817,1335003,3.06
2021-03-02,Midtjylland,40997,1335003,3.07
2021-03-03,Midtjylland,41214,1335003,3.09
2021-03-04,Midtjylland,41831,1335003,3.13
2021-03-05,Midtjylland,44462,1335003,3.33
2021-03-06,Midtjylland,46000,1335003,3.45
2021-03-07,Midtjylland,47123,1335003,3.53
2021-03-08,Midtjylland,50567,1335003,3.79
2021-03-09,Midtjylland,53346,1335003,4.00
2021-03-10,Midtjylland,55113,1335003,4.13
2021-03-11,Midtjylland,56381,1335003,4.22
2021-03-12,Midtjylland,57391,1335003,4.30
2021-03-13,Midtjylland,57977,1335003,4.34
2021-03-14,Midtjylland,58186,1335003,4.36
2021-03-15,Midtjylland,60988,1335003,4.57
2021-03-16,Midtjylland,64521,1335003,4.83
2021-03-17,Midtjylland,67357,1335003,5.05
2021-03-18,Midtjylland,68521,1335003,5.13
2021-03-19,Midtjylland,71595,1335003,5.36
2021-03-20,Midtjylland,71618,1335003,5.36
2021-03-21,Midtjylland,71631,1335003,5.37
2021-03-22,Midtjylland,74407,1335003,5.57
2021-03-23,Midtjylland,77792,1335003,5.83
2021-03-24,Midtjylland,79531,1335003,5.96
2021-03-25,Midtjylland,81272,1335003,6.09
2021-03-26,Midtjylland,82684,1335003,6.19
2021-03-27,Midtjylland,82861,1335003,6.21
2021-03-28,Midtjylland,83024,1335003,6.22
2021-03-29,Midtjylland,85471,1335003,6.40
2021-03-30,Midtjylland,88437,1335003,6.62
2021-03-31,Midtjylland,90107,1335003,6.75
2021-04-01,Midtjylland,90487,1335003,6.78
2021-04-02,Midtjylland,90820,1335003,6.80
2021-04-03,Midtjylland,90862,1335003,6.81
2021-04-04,Midtjylland,90919,1335003,6.81
2021-04-05,Midtjylland,91070,1335003,6.82
2021-04-06,Midtjylland,93074,1335003,6.97
2021-04-07,Midtjylland,96945,1335003,7.26
2021-04-08,Midtjylland,99400,1335003,7.45
2021-04-09,Midtjylland,100703,1335003,7.54
2021-04-10,Midtjylland,101438,1335003,7.60
2021-04-11,Midtjylland,102225,1335003,7.66
2021-04-12,Midtjylland,104119,1335003,7.80
2021-04-13,Midtjylland,105870,1335003,7.93
2021-04-14,Midtjylland,108273,1335003,8.11
2021-04-15,Midtjylland,111350,1335003,8.34
2021-04-16,Midtjylland,112799,1335003,8.45
2021-04-17,Midtjylland,112841,1335003,8.45
2021-04-18,Midtjylland,112873,1335003,8.45
2021-04-19,Midtjylland,117738,1335003,8.82
2021-04-20,Midtjylland,122277,1335003,9.16
2021-04-21,Midtjylland,127988,1335003,9.59
2021-04-22,Midtjylland,130646,1335003,9.79
2021-04-23,Midtjylland,132565,1335003,9.93
2021-04-24,Midtjylland,132633,1335003,9.94
2021-04-25,Midtjylland,132661,1335003,9.94
2021-04-26,Midtjylland,133492,1335003,10.0
2021-04-27,Midtjylland,137268,1335003,10.3
2021-04-28,Midtjylland,143130,1335003,10.7
2021-04-29,Midtjylland,148620,1335003,11.1
2021-04-30,Midtjylland,149274,1335003,11.2
2021-05-01,Midtjylland,149347,1335003,11.2
2021-05-02,Midtjylland,149381,1335003,11.2
2021-05-03,Midtjylland,158238,1335003,11.9
2021-05-04,Midtjylland,166614,1335003,12.5
2021-05-05,Midtjylland,175486,1335003,13.1
2021-05-06,Midtjylland,183037,1335003,13.7
2021-05-07,Midtjylland,188986,1335003,14.2
2021-05-08,Midtjylland,189222,1335003,14.2
2021-05-09,Midtjylland,189301,1335003,14.2
2021-05-10,Midtjylland,196370,1335003,14.7
2021-05-11,Midtjylland,203967,1335003,15.3
2021-05-12,Midtjylland,213310,1335003,16.0
2021-05-13,Midtjylland,215978,1335003,16.2
2021-05-14,Midtjylland,225069,1335003,16.9
2021-05-15,Midtjylland,225388,1335003,16.9
2021-05-16,Midtjylland,225627,1335003,16.9
2021-05-17,Midtjylland,235740,1335003,17.7
2021-05-18,Midtjylland,243557,1335003,18.2
2021-05-19,Midtjylland,250453,1335003,18.8
2021-05-20,Midtjylland,257568,1335003,19.3
2021-05-21,Midtjylland,260763,1335003,19.5
2021-05-22,Midtjylland,260876,1335003,19.5
2021-05-23,Midtjylland,261179,1335003,19.6
2021-05-24,Midtjylland,262349,1335003,19.7
2021-05-25,Midtjylland,265797,1335003,19.9
2021-05-26,Midtjylland,268783,1335003,20.1
2021-05-27,Midtjylland,271365,1335003,20.3
2021-05-28,Midtjylland,273232,1335003,20.5
2021-05-29,Midtjylland,273318,1335003,20.5
2021-05-30,Midtjylland,273402,1335003,20.5
2021-05-31,Midtjylland,279062,1335003,20.9
2021-06-01,Midtjylland,282360,1335003,21.2
2021-06-02,Midtjylland,287410,1335003,21.5
2021-06-03,Midtjylland,293893,1335003,22.0
2021-06-04,Midtjylland,297848,1335003,22.3
2021-06-05,Midtjylland,298243,1335003,22.3
2021-06-06,Midtjylland,298817,1335003,22.4
2021-06-07,Midtjylland,304094,1335003,22.8
2021-06-08,Midtjylland,310031,1335003,23.2
2021-06-09,Midtjylland,314696,1335003,23.6
2021-06-10,Midtjylland,322578,1335003,24.2
2021-06-11,Midtjylland,328366,1335003,24.6
2021-06-12,Midtjylland,330176,1335003,24.7
2021-06-13,Midtjylland,330939,1335003,24.8
2021-06-14,Midtjylland,342032,1335003,25.6
2021-06-15,Midtjylland,350908,1335003,26.3
2021-01-04,NA,0,0,0.00
2021-01-09,NA,0,0,0.00
2021-01-13,NA,0,0,0.00
2021-01-15,NA,0,0,0.00
2021-01-16,NA,0,0,0.00
2021-01-17,NA,0,0,0.00
2021-01-18,NA,0,0,0.00
2021-01-19,NA,0,0,0.00
2021-01-20,NA,0,0,0.00
2021-01-21,NA,0,0,0.00
2021-01-22,NA,0,0,0.00
2021-01-23,NA,0,0,0.00
2021-01-24,NA,0,0,0.00
2021-01-25,NA,0,0,0.00
2021-01-26,NA,0,0,0.00
2021-01-27,NA,0,0,0.00
2021-01-28,NA,0,0,0.00
2021-01-29,NA,0,0,0.00
2021-01-30,NA,0,0,0.00
2021-01-31,NA,0,0,0.00
2021-02-01,NA,0,0,0.00
2021-02-02,NA,0,0,0.00
2021-02-03,NA,0,0,0.00
2021-02-04,NA,0,0,0.00
2021-02-05,NA,0,0,0.00
2021-02-06,NA,0,0,0.00
2021-02-07,NA,0,0,0.00
2021-02-08,NA,0,0,0.00
2021-02-09,NA,0,0,0.00
2021-02-10,NA,0,0,0.00
2021-02-11,NA,0,0,0.00
2021-02-12,NA,0,0,0.00
2021-02-13,NA,0,0,0.00
2021-02-14,NA,0,0,0.00
2021-02-15,NA,0,0,0.00
2021-02-16,NA,0,0,0.00
2021-02-17,NA,0,0,0.00
2021-02-18,NA,0,0,0.00
2021-02-19,NA,0,0,0.00
2021-02-20,NA,0,0,0.00
2021-02-21,NA,0,0,0.00
2021-02-22,NA,0,0,0.00
2021-02-23,NA,0,0,0.00
2021-02-24,NA,0,0,0.00
2021-02-25,NA,0,0,0.00
2021-02-26,NA,0,0,0.00
2021-02-27,NA,0,0,0.00
2021-02-28,NA,0,0,0.00
2021-03-01,NA,0,0,0.00
2021-03-02,NA,0,0,0.00
2021-03-03,NA,0,0,0.00
2021-03-04,NA,0,0,0.00
2021-03-05,NA,0,0,0.00
2021-03-06,NA,0,0,0.00
2021-03-07,NA,0,0,0.00
2021-03-08,NA,0,0,0.00
2021-03-09,NA,0,0,0.00
2021-03-10,NA,0,0,0.00
2021-03-11,NA,0,0,0.00
2021-03-12,NA,0,0,0.00
2021-03-13,NA,0,0,0.00
2021-03-14,NA,0,0,0.00
2021-03-15,NA,0,0,0.00
2021-03-16,NA,0,0,0.00
2021-03-17,NA,0,0,0.00
2021-03-18,NA,0,0,0.00
2021-03-19,NA,0,0,0.00
2021-03-20,NA,0,0,0.00
2021-03-21,NA,0,0,0.00
2021-03-22,NA,0,0,0.00
2021-03-23,NA,0,0,0.00
2021-03-24,NA,0,0,0.00
2021-03-25,NA,0,0,0.00
2021-03-26,NA,0,0,0.00
2021-03-27,NA,0,0,0.00
2021-03-28,NA,0,0,0.00
2021-03-29,NA,0,0,0.00
2021-03-30,NA,0,0,0.00
2021-03-31,NA,0,0,0.00
2021-04-01,NA,0,0,0.00
2021-04-02,NA,0,0,0.00
2021-04-03,NA,0,0,0.00
2021-04-04,NA,0,0,0.00
2021-04-05,NA,0,0,0.00
2021-04-06,NA,0,0,0.00
2021-04-07,NA,0,0,0.00
2021-04-08,NA,0,0,0.00
2021-04-09,NA,0,0,0.00
2021-04-10,NA,0,0,0.00
2021-04-11,NA,0,0,0.00
2021-04-12,NA,0,0,0.00
2021-04-13,NA,0,0,0.00
2021-04-14,NA,0,0,0.00
2021-04-15,NA,0,0,0.00
2021-04-16,NA,0,0,0.00
2021-04-17,NA,0,0,0.00
2021-04-18,NA,0,0,0.00
2021-04-19,NA,0,0,0.00
2021-04-20,NA,0,0,0.00
2021-04-21,NA,0,0,0.00
2021-04-22,NA,0,0,0.00
2021-04-23,NA,0,0,0.00
2021-04-24,NA,0,0,0.00
2021-04-25,NA,0,0,0.00
2021-04-26,NA,0,0,0.00
2021-04-27,NA,0,0,0.00
2021-04-28,NA,0,0,0.00
2021-04-29,NA,0,0,0.00
2021-04-30,NA,0,0,0.00
2021-05-01,NA,0,0,0.00
2021-05-02,NA,0,0,0.00
2021-05-03,NA,0,0,0.00
2021-05-04,NA,0,0,0.00
2021-05-05,NA,0,0,0.00
2021-05-06,NA,0,0,0.00
2021-05-07,NA,0,0,0.00
2021-05-08,NA,0,0,0.00
2021-05-09,NA,0,0,0.00
2021-05-10,NA,0,0,0.00
2021-05-11,NA,0,0,0.00
2021-05-12,NA,0,0,0.00
2021-05-13,NA,0,0,0.00
2021-05-14,NA,0,0,0.00
2021-05-15,NA,0,0,0.00
2021-05-16,NA,0,0,0.00
2021-05-17,NA,0,0,0.00
2021-05-18,NA,0,0,0.00
2021-05-19,NA,0,0,0.00
2021-05-20,NA,0,0,0.00
2021-05-21,NA,0,0,0.00
2021-05-22,NA,0,0,0.00
2021-05-23,NA,0,0,0.00
2021-05-24,NA,0,0,0.00
2021-05-25,NA,0,0,0.00
2021-05-26,NA,0,0,0.00
2021-05-27,NA,0,0,0.00
2021-05-28,NA,0,0,0.00
2021-05-29,NA,0,0,0.00
2021-05-30,NA,0,0,0.00
2021-05-31,NA,0,0,0.00
2021-06-01,NA,0,0,0.00
2021-06-02,NA,0,0,0.00
2021-06-03,NA,0,0,0.00
2021-06-04,NA,0,0,0.00
2021-06-05,NA,0,0,0.00
2021-06-06,NA,0,0,0.00
2021-06-07,NA,0,0,0.00
2021-06-08,NA,0,0,0.00
2021-06-09,NA,0,0,0.00
2021-06-10,NA,0,0,0.00
2021-06-11,NA,0,0,0.00
2021-06-12,NA,0,0,0.00
2021-06-13,NA,0,0,0.00
2021-06-14,NA,0,0,0.00
2021-06-15,NA,0,0,0.00
2021-01-04,Nordjylland,0,590237,0.00
2021-01-09,Nordjylland,0,590237,0.00
2021-01-13,Nordjylland,0,590237,0.00
2021-01-15,Nordjylland,0,590237,0.00
2021-01-16,Nordjylland,0,590237,0.00
2021-01-17,Nordjylland,1,590237,0.00
2021-01-18,Nordjylland,4,590237,0.00
2021-01-19,Nordjylland,6,590237,0.00
2021-01-20,Nordjylland,9,590237,0.00
2021-01-21,Nordjylland,18,590237,0.00
2021-01-22,Nordjylland,2480,590237,0.42
2021-01-23,Nordjylland,3812,590237,0.65
2021-01-24,Nordjylland,4440,590237,0.75
2021-01-25,Nordjylland,4452,590237,0.75
2021-01-26,Nordjylland,4607,590237,0.78
2021-01-27,Nordjylland,4830,590237,0.82
2021-01-28,Nordjylland,5352,590237,0.91
2021-01-29,Nordjylland,7254,590237,1.23
2021-01-30,Nordjylland,9076,590237,1.54
2021-01-31,Nordjylland,10651,590237,1.80
2021-02-01,Nordjylland,11238,590237,1.90
2021-02-02,Nordjylland,11602,590237,1.97
2021-02-03,Nordjylland,12132,590237,2.06
2021-02-04,Nordjylland,12430,590237,2.11
2021-02-05,Nordjylland,12971,590237,2.20
2021-02-06,Nordjylland,13552,590237,2.30
2021-02-07,Nordjylland,14765,590237,2.50
2021-02-08,Nordjylland,16126,590237,2.73
2021-02-09,Nordjylland,17211,590237,2.92
2021-02-10,Nordjylland,17913,590237,3.03
2021-02-11,Nordjylland,18158,590237,3.08
2021-02-12,Nordjylland,18249,590237,3.09
2021-02-13,Nordjylland,18250,590237,3.09
2021-02-14,Nordjylland,18251,590237,3.09
2021-02-15,Nordjylland,18285,590237,3.10
2021-02-16,Nordjylland,18308,590237,3.10
2021-02-17,Nordjylland,18323,590237,3.10
2021-02-18,Nordjylland,18358,590237,3.11
2021-02-19,Nordjylland,18538,590237,3.14
2021-02-20,Nordjylland,18679,590237,3.16
2021-02-21,Nordjylland,18702,590237,3.17
2021-02-22,Nordjylland,18729,590237,3.17
2021-02-23,Nordjylland,18753,590237,3.18
2021-02-24,Nordjylland,18761,590237,3.18
2021-02-25,Nordjylland,18778,590237,3.18
2021-02-26,Nordjylland,18826,590237,3.19
2021-02-27,Nordjylland,18827,590237,3.19
2021-02-28,Nordjylland,18831,590237,3.19
2021-03-01,Nordjylland,18907,590237,3.20
2021-03-02,Nordjylland,18976,590237,3.21
2021-03-03,Nordjylland,19021,590237,3.22
2021-03-04,Nordjylland,19058,590237,3.23
2021-03-05,Nordjylland,19746,590237,3.35
2021-03-06,Nordjylland,20458,590237,3.47
2021-03-07,Nordjylland,21075,590237,3.57
2021-03-08,Nordjylland,21681,590237,3.67
2021-03-09,Nordjylland,22230,590237,3.77
2021-03-10,Nordjylland,22602,590237,3.83
2021-03-11,Nordjylland,23397,590237,3.96
2021-03-12,Nordjylland,24919,590237,4.22
2021-03-13,Nordjylland,27310,590237,4.63
2021-03-14,Nordjylland,29575,590237,5.01
2021-03-15,Nordjylland,31342,590237,5.31
2021-03-16,Nordjylland,31401,590237,5.32
2021-03-17,Nordjylland,31442,590237,5.33
2021-03-18,Nordjylland,31547,590237,5.34
2021-03-19,Nordjylland,32096,590237,5.44
2021-03-20,Nordjylland,33866,590237,5.74
2021-03-21,Nordjylland,33871,590237,5.74
2021-03-22,Nordjylland,35273,590237,5.98
2021-03-23,Nordjylland,37529,590237,6.36
2021-03-24,Nordjylland,37958,590237,6.43
2021-03-25,Nordjylland,38171,590237,6.47
2021-03-26,Nordjylland,38211,590237,6.47
2021-03-27,Nordjylland,38490,590237,6.52
2021-03-28,Nordjylland,38512,590237,6.52
2021-03-29,Nordjylland,38623,590237,6.54
2021-03-30,Nordjylland,38939,590237,6.60
2021-03-31,Nordjylland,40759,590237,6.91
2021-04-01,Nordjylland,40795,590237,6.91
2021-04-02,Nordjylland,41348,590237,7.01
2021-04-03,Nordjylland,41776,590237,7.08
2021-04-04,Nordjylland,42286,590237,7.16
2021-04-05,Nordjylland,42895,590237,7.27
2021-04-06,Nordjylland,43024,590237,7.29
2021-04-07,Nordjylland,43519,590237,7.37
2021-04-08,Nordjylland,44492,590237,7.54
2021-04-09,Nordjylland,46470,590237,7.87
2021-04-10,Nordjylland,47487,590237,8.05
2021-04-11,Nordjylland,48591,590237,8.23
2021-04-12,Nordjylland,48655,590237,8.24
2021-04-13,Nordjylland,49100,590237,8.32
2021-04-14,Nordjylland,49808,590237,8.44
2021-04-15,Nordjylland,51285,590237,8.69
2021-04-16,Nordjylland,52234,590237,8.85
2021-04-17,Nordjylland,52251,590237,8.85
2021-04-18,Nordjylland,55257,590237,9.36
2021-04-19,Nordjylland,57866,590237,9.80
2021-04-20,Nordjylland,58735,590237,9.95
2021-04-21,Nordjylland,58785,590237,9.96
2021-04-22,Nordjylland,58839,590237,9.97
2021-04-23,Nordjylland,58889,590237,9.98
2021-04-24,Nordjylland,59785,590237,10.1
2021-04-25,Nordjylland,60280,590237,10.2
2021-04-26,Nordjylland,61323,590237,10.4
2021-04-27,Nordjylland,63818,590237,10.8
2021-04-28,Nordjylland,65568,590237,11.1
2021-04-29,Nordjylland,66738,590237,11.3
2021-04-30,Nordjylland,67543,590237,11.4
2021-05-01,Nordjylland,68313,590237,11.6
2021-05-02,Nordjylland,69494,590237,11.8
2021-05-03,Nordjylland,79382,590237,13.4
2021-05-04,Nordjylland,80428,590237,13.6
2021-05-05,Nordjylland,81851,590237,13.9
2021-05-06,Nordjylland,82468,590237,14.0
2021-05-07,Nordjylland,83839,590237,14.2
2021-05-08,Nordjylland,85070,590237,14.4
2021-05-09,Nordjylland,86887,590237,14.7
2021-05-10,Nordjylland,91620,590237,15.5
2021-05-11,Nordjylland,95277,590237,16.1
2021-05-12,Nordjylland,97229,590237,16.5
2021-05-13,Nordjylland,99068,590237,16.8
2021-05-14,Nordjylland,102306,590237,17.3
2021-05-15,Nordjylland,107688,590237,18.2
2021-05-16,Nordjylland,112254,590237,19.0
2021-05-17,Nordjylland,114972,590237,19.5
2021-05-18,Nordjylland,117052,590237,19.8
2021-05-19,Nordjylland,120681,590237,20.4
2021-05-20,Nordjylland,122868,590237,20.8
2021-05-21,Nordjylland,123994,590237,21.0
2021-05-22,Nordjylland,126860,590237,21.5
2021-05-23,Nordjylland,126863,590237,21.5
2021-05-24,Nordjylland,129868,590237,22.0
2021-05-25,Nordjylland,129932,590237,22.0
2021-05-26,Nordjylland,130086,590237,22.0
2021-05-27,Nordjylland,131811,590237,22.3
2021-05-28,Nordjylland,133780,590237,22.7
2021-05-29,Nordjylland,134084,590237,22.7
2021-05-30,Nordjylland,134091,590237,22.7
2021-05-31,Nordjylland,134251,590237,22.7
2021-06-01,Nordjylland,134567,590237,22.8
2021-06-02,Nordjylland,134671,590237,22.8
2021-06-03,Nordjylland,136177,590237,23.1
2021-06-04,Nordjylland,137368,590237,23.3
2021-06-05,Nordjylland,139525,590237,23.6
2021-06-06,Nordjylland,141333,590237,23.9
2021-06-07,Nordjylland,142018,590237,24.1
2021-06-08,Nordjylland,145655,590237,24.7
2021-06-09,Nordjylland,148997,590237,25.2
2021-06-10,Nordjylland,149594,590237,25.3
2021-06-11,Nordjylland,152309,590237,25.8
2021-06-12,Nordjylland,155908,590237,26.4
2021-06-13,Nordjylland,158149,590237,26.8
2021-06-14,Nordjylland,160376,590237,27.2
2021-06-15,Nordjylland,162649,590237,27.6
2021-01-04,Sjælland,0,841017,0.00
2021-01-09,Sjælland,0,841017,0.00
2021-01-13,Sjælland,0,841017,0.00
2021-01-15,Sjælland,0,841017,0.00
2021-01-16,Sjælland,1,841017,0.00
2021-01-17,Sjælland,202,841017,0.02
2021-01-18,Sjælland,1485,841017,0.18
2021-01-19,Sjælland,2894,841017,0.34
2021-01-20,Sjælland,4197,841017,0.50
2021-01-21,Sjælland,5360,841017,0.64
2021-01-22,Sjælland,5809,841017,0.69
2021-01-23,Sjælland,6174,841017,0.73
2021-01-24,Sjælland,6449,841017,0.77
2021-01-25,Sjælland,6711,841017,0.80
2021-01-26,Sjælland,7132,841017,0.85
2021-01-27,Sjælland,8389,841017,1.00
2021-01-28,Sjælland,9910,841017,1.18
2021-01-29,Sjælland,11772,841017,1.40
2021-01-30,Sjælland,12750,841017,1.52
2021-01-31,Sjælland,13317,841017,1.58
2021-02-01,Sjælland,14072,841017,1.67
2021-02-02,Sjælland,14519,841017,1.73
2021-02-03,Sjælland,15240,841017,1.81
2021-02-04,Sjælland,16789,841017,2.00
2021-02-05,Sjælland,17847,841017,2.12
2021-02-06,Sjælland,18132,841017,2.16
2021-02-07,Sjælland,18341,841017,2.18
2021-02-08,Sjælland,18488,841017,2.20
2021-02-09,Sjælland,18548,841017,2.21
2021-02-10,Sjælland,18817,841017,2.24
2021-02-11,Sjælland,19047,841017,2.26
2021-02-12,Sjælland,19685,841017,2.34
2021-02-13,Sjælland,19742,841017,2.35
2021-02-14,Sjælland,19770,841017,2.35
2021-02-15,Sjælland,19959,841017,2.37
2021-02-16,Sjælland,20067,841017,2.39
2021-02-17,Sjælland,20118,841017,2.39
2021-02-18,Sjælland,20210,841017,2.40
2021-02-19,Sjælland,20752,841017,2.47
2021-02-20,Sjælland,21029,841017,2.50
2021-02-21,Sjælland,21186,841017,2.52
2021-02-22,Sjælland,21571,841017,2.56
2021-02-23,Sjælland,22700,841017,2.70
2021-02-24,Sjælland,23755,841017,2.82
2021-02-25,Sjælland,23860,841017,2.84
2021-02-26,Sjælland,24065,841017,2.86
2021-02-27,Sjælland,24281,841017,2.89
2021-02-28,Sjælland,24513,841017,2.91
2021-03-01,Sjælland,24761,841017,2.94
2021-03-02,Sjælland,25193,841017,3.00
2021-03-03,Sjælland,25756,841017,3.06
2021-03-04,Sjælland,26541,841017,3.16
2021-03-05,Sjælland,28174,841017,3.35
2021-03-06,Sjælland,29475,841017,3.50
2021-03-07,Sjælland,31131,841017,3.70
2021-03-08,Sjælland,32508,841017,3.87
2021-03-09,Sjælland,34174,841017,4.06
2021-03-10,Sjælland,36739,841017,4.37
2021-03-11,Sjælland,37912,841017,4.51
2021-03-12,Sjælland,38897,841017,4.62
2021-03-13,Sjælland,39823,841017,4.74
2021-03-14,Sjælland,41510,841017,4.94
2021-03-15,Sjælland,42239,841017,5.02
2021-03-16,Sjælland,43128,841017,5.13
2021-03-17,Sjælland,43962,841017,5.23
2021-03-18,Sjælland,44509,841017,5.29
2021-03-19,Sjælland,47627,841017,5.66
2021-03-20,Sjælland,47967,841017,5.70
2021-03-21,Sjælland,48031,841017,5.71
2021-03-22,Sjælland,49349,841017,5.87
2021-03-23,Sjælland,49847,841017,5.93
2021-03-24,Sjælland,51359,841017,6.11
2021-03-25,Sjælland,52035,841017,6.19
2021-03-26,Sjælland,52443,841017,6.24
2021-03-27,Sjælland,52694,841017,6.27
2021-03-28,Sjælland,52708,841017,6.27
2021-03-29,Sjælland,53323,841017,6.34
2021-03-30,Sjælland,53849,841017,6.40
2021-03-31,Sjælland,55127,841017,6.55
2021-04-01,Sjælland,56128,841017,6.67
2021-04-02,Sjælland,56597,841017,6.73
2021-04-03,Sjælland,57189,841017,6.80
2021-04-04,Sjælland,57445,841017,6.83
2021-04-05,Sjælland,57458,841017,6.83
2021-04-06,Sjælland,59399,841017,7.06
2021-04-07,Sjælland,61192,841017,7.28
2021-04-08,Sjælland,63130,841017,7.51
2021-04-09,Sjælland,63462,841017,7.55
2021-04-10,Sjælland,64585,841017,7.68
2021-04-11,Sjælland,65414,841017,7.78
2021-04-12,Sjælland,66593,841017,7.92
2021-04-13,Sjælland,68381,841017,8.13
2021-04-14,Sjælland,70381,841017,8.37
2021-04-15,Sjælland,72030,841017,8.56
2021-04-16,Sjælland,73263,841017,8.71
2021-04-17,Sjælland,74842,841017,8.90
2021-04-18,Sjælland,76156,841017,9.06
2021-04-19,Sjælland,79508,841017,9.45
2021-04-20,Sjælland,84361,841017,10.0
2021-04-21,Sjælland,86657,841017,10.3
2021-04-22,Sjælland,87669,841017,10.4
2021-04-23,Sjælland,88048,841017,10.5
2021-04-24,Sjælland,91107,841017,10.8
2021-04-25,Sjælland,94646,841017,11.3
2021-04-26,Sjælland,95870,841017,11.4
2021-04-27,Sjælland,98869,841017,11.8
2021-04-28,Sjælland,99912,841017,11.9
2021-04-29,Sjælland,101800,841017,12.1
2021-04-30,Sjælland,102215,841017,12.2
2021-05-01,Sjælland,104849,841017,12.5
2021-05-02,Sjælland,106864,841017,12.7
2021-05-03,Sjælland,121864,841017,14.5
2021-05-04,Sjælland,124583,841017,14.8
2021-05-05,Sjælland,127354,841017,15.1
2021-05-06,Sjælland,129627,841017,15.4
2021-05-07,Sjælland,133825,841017,15.9
2021-05-08,Sjælland,139685,841017,16.6
2021-05-09,Sjælland,143441,841017,17.1
2021-05-10,Sjælland,147989,841017,17.6
2021-05-11,Sjælland,151110,841017,18.0
2021-05-12,Sjælland,154969,841017,18.4
2021-05-13,Sjælland,157192,841017,18.7
2021-05-14,Sjælland,160857,841017,19.1
2021-05-15,Sjælland,163114,841017,19.4
2021-05-16,Sjælland,165086,841017,19.6
2021-05-17,Sjælland,168529,841017,20.0
2021-05-18,Sjælland,171141,841017,20.3
2021-05-19,Sjælland,175695,841017,20.9
2021-05-20,Sjælland,177588,841017,21.1
2021-05-21,Sjælland,178901,841017,21.3
2021-05-22,Sjælland,180462,841017,21.5
2021-05-23,Sjælland,181636,841017,21.6
2021-05-24,Sjælland,182504,841017,21.7
2021-05-25,Sjælland,183320,841017,21.8
2021-05-26,Sjælland,184092,841017,21.9
2021-05-27,Sjælland,185693,841017,22.1
2021-05-28,Sjælland,187187,841017,22.3
2021-05-29,Sjælland,188570,841017,22.4
2021-05-30,Sjælland,189775,841017,22.6
2021-05-31,Sjælland,194122,841017,23.1
2021-06-01,Sjælland,197195,841017,23.4
2021-06-02,Sjælland,199935,841017,23.8
2021-06-03,Sjælland,201840,841017,24.0
2021-06-04,Sjælland,205229,841017,24.4
2021-06-05,Sjælland,207309,841017,24.6
2021-06-06,Sjælland,209462,841017,24.9
2021-06-07,Sjælland,210611,841017,25.0
2021-06-08,Sjælland,214115,841017,25.5
2021-06-09,Sjælland,217236,841017,25.8
2021-06-10,Sjælland,219413,841017,26.1
2021-06-11,Sjælland,222414,841017,26.4
2021-06-12,Sjælland,225381,841017,26.8
2021-06-13,Sjælland,230299,841017,27.4
2021-06-14,Sjælland,233680,841017,27.8
2021-06-15,Sjælland,235523,841017,28.0
2021-01-04,Syddanmark,1,1224627,0.00
2021-01-09,Syddanmark,1,1224627,0.00
2021-01-13,Syddanmark,1,1224627,0.00
2021-01-15,Syddanmark,1,1224627,0.00
2021-01-16,Syddanmark,1,1224627,0.00
2021-01-17,Syddanmark,445,1224627,0.04
2021-01-18,Syddanmark,947,1224627,0.08
2021-01-19,Syddanmark,1390,1224627,0.11
2021-01-20,Syddanmark,1693,1224627,0.14
2021-01-21,Syddanmark,2130,1224627,0.17
2021-01-22,Syddanmark,3582,1224627,0.29
2021-01-23,Syddanmark,3753,1224627,0.31
2021-01-24,Syddanmark,3971,1224627,0.32
2021-01-25,Syddanmark,5731,1224627,0.47
2021-01-26,Syddanmark,6680,1224627,0.55
2021-01-27,Syddanmark,7754,1224627,0.63
2021-01-28,Syddanmark,8242,1224627,0.67
2021-01-29,Syddanmark,11257,1224627,0.92
2021-01-30,Syddanmark,14005,1224627,1.14
2021-01-31,Syddanmark,15221,1224627,1.24
2021-02-01,Syddanmark,18305,1224627,1.49
2021-02-02,Syddanmark,19370,1224627,1.58
2021-02-03,Syddanmark,19903,1224627,1.63
2021-02-04,Syddanmark,20648,1224627,1.69
2021-02-05,Syddanmark,25090,1224627,2.05
2021-02-06,Syddanmark,27440,1224627,2.24
2021-02-07,Syddanmark,28990,1224627,2.37
2021-02-08,Syddanmark,30687,1224627,2.51
2021-02-09,Syddanmark,31751,1224627,2.59
2021-02-10,Syddanmark,31846,1224627,2.60
2021-02-11,Syddanmark,31995,1224627,2.61
2021-02-12,Syddanmark,33711,1224627,2.75
2021-02-13,Syddanmark,34576,1224627,2.82
2021-02-14,Syddanmark,35134,1224627,2.87
2021-02-15,Syddanmark,36197,1224627,2.96
2021-02-16,Syddanmark,36757,1224627,3.00
2021-02-17,Syddanmark,36969,1224627,3.02
2021-02-18,Syddanmark,37010,1224627,3.02
2021-02-19,Syddanmark,37097,1224627,3.03
2021-02-20,Syddanmark,37159,1224627,3.03
2021-02-21,Syddanmark,37192,1224627,3.04
2021-02-22,Syddanmark,37376,1224627,3.05
2021-02-23,Syddanmark,37734,1224627,3.08
2021-02-24,Syddanmark,38333,1224627,3.13
2021-02-25,Syddanmark,38655,1224627,3.16
2021-02-26,Syddanmark,38958,1224627,3.18
2021-02-27,Syddanmark,39074,1224627,3.19
2021-02-28,Syddanmark,39103,1224627,3.19
2021-03-01,Syddanmark,39479,1224627,3.22
2021-03-02,Syddanmark,39845,1224627,3.25
2021-03-03,Syddanmark,40009,1224627,3.27
2021-03-04,Syddanmark,40186,1224627,3.28
2021-03-05,Syddanmark,40688,1224627,3.32
2021-03-06,Syddanmark,41026,1224627,3.35
2021-03-07,Syddanmark,41649,1224627,3.40
2021-03-08,Syddanmark,42447,1224627,3.47
2021-03-09,Syddanmark,43226,1224627,3.53
2021-03-10,Syddanmark,44079,1224627,3.60
2021-03-11,Syddanmark,44459,1224627,3.63
2021-03-12,Syddanmark,46707,1224627,3.81
2021-03-13,Syddanmark,48651,1224627,3.97
2021-03-14,Syddanmark,50634,1224627,4.13
2021-03-15,Syddanmark,52468,1224627,4.28
2021-03-16,Syddanmark,53932,1224627,4.40
2021-03-17,Syddanmark,54980,1224627,4.49
2021-03-18,Syddanmark,56010,1224627,4.57
2021-03-19,Syddanmark,59888,1224627,4.89
2021-03-20,Syddanmark,62510,1224627,5.10
2021-03-21,Syddanmark,65020,1224627,5.31
2021-03-22,Syddanmark,67240,1224627,5.49
2021-03-23,Syddanmark,68605,1224627,5.60
2021-03-24,Syddanmark,69823,1224627,5.70
2021-03-25,Syddanmark,71104,1224627,5.81
2021-03-26,Syddanmark,74430,1224627,6.08
2021-03-27,Syddanmark,76810,1224627,6.27
2021-03-28,Syddanmark,79400,1224627,6.48
2021-03-29,Syddanmark,81906,1224627,6.69
2021-03-30,Syddanmark,83902,1224627,6.85
2021-03-31,Syddanmark,85165,1224627,6.95
2021-04-01,Syddanmark,85991,1224627,7.02
2021-04-02,Syddanmark,87936,1224627,7.18
2021-04-03,Syddanmark,88981,1224627,7.27
2021-04-04,Syddanmark,89911,1224627,7.34
2021-04-05,Syddanmark,90434,1224627,7.38
2021-04-06,Syddanmark,92320,1224627,7.54
2021-04-07,Syddanmark,93901,1224627,7.67
2021-04-08,Syddanmark,95492,1224627,7.80
2021-04-09,Syddanmark,97204,1224627,7.94
2021-04-10,Syddanmark,98506,1224627,8.04
2021-04-11,Syddanmark,99591,1224627,8.13
2021-04-12,Syddanmark,101142,1224627,8.26
2021-04-13,Syddanmark,102365,1224627,8.36
2021-04-14,Syddanmark,103919,1224627,8.49
2021-04-15,Syddanmark,105311,1224627,8.60
2021-04-16,Syddanmark,106869,1224627,8.73
2021-04-17,Syddanmark,107784,1224627,8.80
2021-04-18,Syddanmark,108410,1224627,8.85
2021-04-19,Syddanmark,109971,1224627,8.98
2021-04-20,Syddanmark,111749,1224627,9.13
2021-04-21,Syddanmark,112752,1224627,9.21
2021-04-22,Syddanmark,114309,1224627,9.33
2021-04-23,Syddanmark,116250,1224627,9.49
2021-04-24,Syddanmark,117856,1224627,9.62
2021-04-25,Syddanmark,118773,1224627,9.70
2021-04-26,Syddanmark,120401,1224627,9.83
2021-04-27,Syddanmark,122364,1224627,9.99
2021-04-28,Syddanmark,126155,1224627,10.3
2021-04-29,Syddanmark,128363,1224627,10.5
2021-04-30,Syddanmark,130230,1224627,10.6
2021-05-01,Syddanmark,132420,1224627,10.8
2021-05-02,Syddanmark,134396,1224627,11.0
2021-05-03,Syddanmark,138480,1224627,11.3
2021-05-04,Syddanmark,142510,1224627,11.6
2021-05-05,Syddanmark,146723,1224627,12.0
2021-05-06,Syddanmark,151854,1224627,12.4
2021-05-07,Syddanmark,157432,1224627,12.9
2021-05-08,Syddanmark,161269,1224627,13.2
2021-05-09,Syddanmark,164172,1224627,13.4
2021-05-10,Syddanmark,178448,1224627,14.6
2021-05-11,Syddanmark,184193,1224627,15.0
2021-05-12,Syddanmark,190466,1224627,15.6
2021-05-13,Syddanmark,192813,1224627,15.7
2021-05-14,Syddanmark,199854,1224627,16.3
2021-05-15,Syddanmark,204494,1224627,16.7
2021-05-16,Syddanmark,208354,1224627,17.0
2021-05-17,Syddanmark,215113,1224627,17.6
2021-05-18,Syddanmark,224488,1224627,18.3
2021-05-19,Syddanmark,229327,1224627,18.7
2021-05-20,Syddanmark,234594,1224627,19.2
2021-05-21,Syddanmark,241324,1224627,19.7
2021-05-22,Syddanmark,245680,1224627,20.1
2021-05-23,Syddanmark,249146,1224627,20.3
2021-05-24,Syddanmark,252836,1224627,20.6
2021-05-25,Syddanmark,259112,1224627,21.2
2021-05-26,Syddanmark,264522,1224627,21.6
2021-05-27,Syddanmark,267988,1224627,21.9
2021-05-28,Syddanmark,270759,1224627,22.1
2021-05-29,Syddanmark,272426,1224627,22.2
2021-05-30,Syddanmark,273918,1224627,22.4
2021-05-31,Syddanmark,276540,1224627,22.6
2021-06-01,Syddanmark,280665,1224627,22.9
2021-06-02,Syddanmark,283303,1224627,23.1
2021-06-03,Syddanmark,285853,1224627,23.3
2021-06-04,Syddanmark,288886,1224627,23.6
2021-06-05,Syddanmark,290587,1224627,23.7
2021-06-06,Syddanmark,292438,1224627,23.9
2021-06-07,Syddanmark,295316,1224627,24.1
2021-06-08,Syddanmark,298629,1224627,24.4
2021-06-09,Syddanmark,302476,1224627,24.7
2021-06-10,Syddanmark,306905,1224627,25.1
2021-06-11,Syddanmark,311231,1224627,25.4
2021-06-12,Syddanmark,314303,1224627,25.7
2021-06-13,Syddanmark,317883,1224627,26.0
2021-06-14,Syddanmark,321210,1224627,26.2
2021-06-15,Syddanmark,325255,1224627,26.6
